Date,Title,Kicker,Image,Link,Word_Count_Title,Word_Count_Kicker,Character_Count_Title,Character_Count_Kicker,Capital_Words_Kicker,Sentiment_Title,Sentiment_Kicker,Keyword_Frequency_Title,Keyword_Frequency_Kicker,Readability_Score_Title,Readability_Score_Kicker,Title_Complexity
2025-03-07,GOLDSTEIN TO BECOME SENIOR ADVISER,"Las Vegas Sands CEO Robert Goldstein to step down in 2026, Patrick Dumont to succeed",https://imagenesyogonet.b-cdn.net/data/imagenes/2025/03/07/73261/1741359172-goldstein-ceo-las-vegas-sands-2025.jpg,https://www.yogonet.com/international/news/2025/03/07/97394-las-vegas-sands-ceo-robert-goldstein-to-step-down-in-2026-patrick-dumont-to-succeed,5,15,34,84,"['Las', 'Vegas', 'Sands', 'Robert', 'Goldstein', 'Patrick', 'Dumont']",0.0,-0.15555555555555559,"{'to': 1, 'for': 0, 'in': 0, 'million': 0, 'up': 0, 'of': 0, 'the': 0, 'bill': 0, 'march': 0, 'and': 0}","{'in': 1, 'to': 2, 'casino': 0, 'of': 0, 'for': 0, 'betting': 0, 'lottery': 0, 'gambling': 0, 'sports': 0, 'new': 0}",0.0,0.0,6.0
2025-03-07,HAS OVER 250 ROOMS,Michigan’s Gun Lake Casino opens new 16-story hotel in $300M expansion,https://imagenesyogonet.b-cdn.net/data/imagenes/2025/03/07/73257/1741355133-gun-lake-casino-resort-michigan-hotel-expansion-01.jpg,https://www.yogonet.com/international/news/2025/03/07/97385-michigans-gun-lake-casino-opens-new-16story-hotel-in-300m-expansion,4,11,18,70,"['Gun', 'Lake', 'Casino', '$300M']",0.0,0.13636363636363635,"{'to': 0, 'for': 0, 'in': 0, 'million': 0, 'up': 0, 'of': 0, 'the': 0, 'bill': 0, 'march': 0, 'and': 0}","{'in': 1, 'to': 0, 'casino': 1, 'of': 0, 'for': 0, 'betting': 0, 'lottery': 0, 'gambling': 0, 'sports': 0, 'new': 1}",0.0,0.0,3.75
2025-03-07,"TO DRIVE GROWTH, ENHANCE GUEST EXPERIENCE",Virgin Las Vegas appoints former Venetian executive John Fechik as Senior Vice President of Marketing,https://imagenesyogonet.b-cdn.net/data/imagenes/2025/03/06/73234/1741282709-john-fechik-senior-vp-marketing-virgin-las-vegas.jpg,https://www.yogonet.com/international/news/2025/03/07/97309-virgin-las-vegas-appoints-former-venetian-executive-john-fechik-as-senior-vice-president-of-marketing,6,15,41,101,"['Virgin', 'Las', 'Vegas', 'Venetian', 'John', 'Fechik', 'Senior', 'Vice', 'President', 'Marketing']",0.0,0.0,"{'to': 1, 'for': 0, 'in': 0, 'million': 0, 'up': 0, 'of': 0, 'the': 0, 'bill': 0, 'march': 0, 'and': 0}","{'in': 0, 'to': 0, 'casino': 0, 'of': 1, 'for': 0, 'betting': 0, 'lottery': 0, 'gambling': 0, 'sports': 0, 'new': 0}",0.0,0.0,6.0
2025-03-07,EBITDA DROPS SHARPLY TO $1 MILLION,"Resorts World Las Vegas reports weak Q4 2024 earnings, falling 21.2% to $190 million",https://imagenesyogonet.b-cdn.net/data/imagenes/2021/11/26/40969/1637935552-resorts-world-las-vegas-07.jpg,https://www.yogonet.com/international/news/2025/03/07/97308-resorts-world-las-vegas-reports-weak-q4-2024-earnings-falling-212-to-190-million,6,14,34,84,"['Resorts', 'World', 'Las', 'Vegas', 'Q4']",-0.125,-0.375,"{'to': 1, 'for': 0, 'in': 0, 'million': 1, 'up': 0, 'of': 0, 'the': 0, 'bill': 0, 'march': 0, 'and': 0}","{'in': 0, 'to': 1, 'casino': 0, 'of': 0, 'for': 0, 'betting': 0, 'lottery': 0, 'gambling': 0, 'sports': 0, 'new': 0}",0.0,95.93928571428573,4.833333333333333
2025-03-06,EXCEEDS GOVERNMENT PROJECTIONS BY 5.4%,Macau’s gaming tax revenue up 35% to $11 billion in 2024,https://imagenesyogonet.b-cdn.net/data/imagenes/2019/05/06/25227/1625326564-vista-macao-casinos-02.jpg,https://www.yogonet.com/international/news/2025/03/06/97299-macaus-gaming-tax-revenue-up-35-to-11-billion-in-2024,5,11,38,56,[],0.0,0.0,"{'to': 0, 'for': 0, 'in': 0, 'million': 0, 'up': 0, 'of': 0, 'the': 0, 'bill': 0, 'march': 0, 'and': 0}","{'in': 1, 'to': 1, 'casino': 0, 'of': 0, 'for': 0, 'betting': 0, 'lottery': 0, 'gambling': 0, 'sports': 0, 'new': 0}",49.48000000000002,0.0,6.8
2025-03-06,"GAMBLING WORKFORCE ROSE TO 52,971","Macao casino employment rises, wages up 6.3% in 2024",https://imagenesyogonet.b-cdn.net/data/imagenes/2023/07/20/56333/1689867066-macau-generica-julio-2023.jpg,https://www.yogonet.com/international/news/2025/03/06/97195-macao-casino-employment-rises-wages-up-63-in-2024,5,9,33,52,['Macao'],0.6,0.0,"{'to': 1, 'for': 0, 'in': 0, 'million': 0, 'up': 0, 'of': 0, 'the': 0, 'bill': 0, 'march': 0, 'and': 0}","{'in': 1, 'to': 0, 'casino': 1, 'of': 0, 'for': 0, 'betting': 0, 'lottery': 0, 'gambling': 0, 'sports': 0, 'new': 0}",0.0,66.10000000000002,5.8
2025-03-05,FOR UP TO THREE YEARS,Clark County approves extended closure for Whiskey Pete’s Casino in Primm,https://imagenesyogonet.b-cdn.net/data/imagenes/2025/01/03/71185/1735914485-whiskey-pete-hotel-casino-primm-nevada.jpg,https://www.yogonet.com/international/news/2025/03/05/97178-clark-county-approves-extended-closure-for-whiskey-petes-casino-in-primm,5,11,21,73,"['Clark', 'County', 'Whiskey', 'Casino', 'Primm']",0.0,0.0,"{'to': 1, 'for': 1, 'in': 0, 'million': 0, 'up': 1, 'of': 0, 'the': 0, 'bill': 0, 'march': 0, 'and': 0}","{'in': 1, 'to': 0, 'casino': 1, 'of': 0, 'for': 1, 'betting': 0, 'lottery': 0, 'gambling': 0, 'sports': 0, 'new': 0}",0.0,0.0,3.4
2025-03-06,A LAS VEGAS INC 40 UNDER 40 HONOREE,"Pennsylvania: Boyd appoints Martha Morales as new VP, GM at Valley Forge Casino",https://imagenesyogonet.b-cdn.net/data/imagenes/2025/03/06/73194/1741220664-martha-morales-vp-gm-valley-forge-casino-resort.jpg,https://www.yogonet.com/international/news/2025/03/06/97076-pennsylvania-boyd-appoints-martha-morales-as-new-vp-gm-at-valley-forge-casino,8,13,35,79,"['Pennsylvania:', 'Boyd', 'Martha', 'Morales', 'Valley', 'Forge', 'Casino']",0.0,0.13636363636363635,"{'to': 0, 'for': 0, 'in': 0, 'million': 0, 'up': 0, 'of': 0, 'the': 0, 'bill': 0, 'march': 0, 'and': 0}","{'in': 0, 'to': 0, 'casino': 1, 'of': 0, 'for': 0, 'betting': 0, 'lottery': 0, 'gambling': 0, 'sports': 0, 'new': 1}",0.0,0.0,3.5
2025-03-04,THAIS WITH THREE-YEAR TAX HISTORY ALLOWED,Thailand drops $1.5 million asset rule for casino entry in revised gambling law,https://imagenesyogonet.b-cdn.net/data/imagenes/2023/06/02/54988/1685713736-thailand-city-view.jpg,https://www.yogonet.com/international/news/2025/03/04/96964-thailand-drops-15-million-asset-rule-for-casino-entry-in-revised-gambling-law,6,13,41,79,['Thailand'],0.0,0.0,"{'to': 0, 'for': 0, 'in': 0, 'million': 0, 'up': 0, 'of': 0, 'the': 0, 'bill': 0, 'march': 0, 'and': 0}","{'in': 1, 'to': 0, 'casino': 1, 'of': 0, 'for': 1, 'betting': 0, 'lottery': 0, 'gambling': 1, 'sports': 0, 'new': 0}",0.0,50.470769230769264,6.0
2025-03-04,'UPGRADED EXPERIENCE FOR PLAYERS',Virginia: Hard Rock Hotel & Casino Bristol's new poker room sees major success,https://imagenesyogonet.b-cdn.net/data/imagenes/2024/11/15/70054/1731684293-hard-rock-hotel-casino-bristol-02.jpg,https://www.yogonet.com/international/news/2025/03/04/96963-virginia-hard-rock-hotel-casino-bristol-39s-new-poker-room-sees-major-success,4,13,33,78,"['Virginia:', 'Hard', 'Rock', 'Hotel', 'Casino']",0.0,0.051799242424242414,"{'to': 0, 'for': 1, 'in': 0, 'million': 0, 'up': 0, 'of': 0, 'the': 0, 'bill': 0, 'march': 0, 'and': 0}","{'in': 0, 'to': 0, 'casino': 1, 'of': 0, 'for': 0, 'betting': 0, 'lottery': 0, 'gambling': 0, 'sports': 0, 'new': 1}",0.0,0.0,7.5
2025-03-03,IN $1.7B CHICAGO CASINO PROJECT,"Bally’s Chicago $250 million IPO stalled at SEC, minority investor deposits refunded",https://imagenesyogonet.b-cdn.net/data/imagenes/2024/07/12/66065/1720794078-ballys-chicago-render-09.jpg,https://www.yogonet.com/international/news/2025/03/03/96961-ballys-chicago-250-million-ipo-stalled-at-sec-minority-investor-deposits-refunded,5,12,31,84,['Chicago'],0.0,-0.1,"{'to': 0, 'for': 0, 'in': 1, 'million': 0, 'up': 0, 'of': 0, 'the': 0, 'bill': 0, 'march': 0, 'and': 0}","{'in': 0, 'to': 0, 'casino': 0, 'of': 0, 'for': 0, 'betting': 0, 'lottery': 0, 'gambling': 0, 'sports': 0, 'new': 0}",49.48000000000002,0.0,5.4
2025-03-04,EYES EXPANSION IN THAILAND,Melco Resorts explores 'strategic options' for City of Dreams Manila,https://imagenesyogonet.b-cdn.net/data/imagenes/2018/05/03/18624/1625237161-city-of-dreams-manila-01.jpg,https://www.yogonet.com/international/news/2025/03/04/96960-melco-resorts-explores-39strategic-options-39-for-city-of-dreams-manila,4,10,26,68,"['Melco', 'Resorts', 'City', 'Dreams', 'Manila']",0.0,0.0,"{'to': 0, 'for': 0, 'in': 1, 'million': 0, 'up': 0, 'of': 0, 'the': 0, 'bill': 0, 'march': 0, 'and': 0}","{'in': 0, 'to': 0, 'casino': 0, 'of': 1, 'for': 1, 'betting': 0, 'lottery': 0, 'gambling': 0, 'sports': 0, 'new': 0}",0.0,0.0,5.75
2025-03-03,MONTHLY GGR REACHES $2.47 BILLION,"Macau casino revenue rebounds in February, but concerns over full recovery persist",https://imagenesyogonet.b-cdn.net/data/imagenes/2025/03/03/73132/1741008089-macau-city-view-2025.jpg,https://www.yogonet.com/international/news/2025/03/03/96957-macau-casino-revenue-rebounds-in-february-but-concerns-over-full-recovery-persist,5,12,33,82,"['Macau', 'February,']",0.0,0.35,"{'to': 0, 'for': 0, 'in': 0, 'million': 0, 'up': 0, 'of': 0, 'the': 0, 'bill': 0, 'march': 0, 'and': 0}","{'in': 1, 'to': 0, 'casino': 1, 'of': 0, 'for': 0, 'betting': 0, 'lottery': 0, 'gambling': 0, 'sports': 0, 'new': 0}",100.24000000000002,0.0,5.8
2025-02-28,$840 MILLION IN REVENUE,"Nevada casinos record second-best month ever in January, driven by Baccarat surge",https://imagenesyogonet.b-cdn.net/data/imagenes/2021/09/30/39546/1633372073-vista-las-vegas-18-strip-nevada.jpg,https://www.yogonet.com/international/news/2025/02/28/96669-nevada-casinos-record-secondbest-month-ever-in-january-driven-by-baccarat-surge,4,12,23,81,"['Nevada', 'January,', 'Baccarat']",0.0,0.0,"{'to': 0, 'for': 0, 'in': 1, 'million': 1, 'up': 0, 'of': 0, 'the': 0, 'bill': 0, 'march': 0, 'and': 0}","{'in': 1, 'to': 0, 'casino': 0, 'of': 0, 'for': 0, 'betting': 0, 'lottery': 0, 'gambling': 0, 'sports': 0, 'new': 0}",0.0,0.0,5.0
2025-03-05,TO TAKE PLACE FROM MARCH 31 - APRIL 6,Circa Resort named College Basketball Crown founding partner ahead of inaugural edition,https://imagenesyogonet.b-cdn.net/data/imagenes/2022/08/31/48626/1661973642-circa-resort-casino-las-vegas-04.jpg,https://www.yogonet.com/international/news/2025/03/05/96662-circa-resort-named-college-basketball-crown-founding-partner-ahead-of-inaugural-edition,9,12,37,87,"['Circa', 'Resort', 'College', 'Basketball', 'Crown']",0.0,0.0,"{'to': 1, 'for': 0, 'in': 0, 'million': 0, 'up': 0, 'of': 0, 'the': 0, 'bill': 0, 'march': 1, 'and': 0}","{'in': 0, 'to': 0, 'casino': 0, 'of': 1, 'for': 0, 'betting': 0, 'lottery': 0, 'gambling': 0, 'sports': 0, 'new': 0}",0.0,0.0,3.2222222222222223
2025-03-05,"ON MARCH 5, 10, AND 22",New York's Turning Stone casino to host multiple hiring events in March,https://imagenesyogonet.b-cdn.net/data/imagenes/2021/06/11/37021/1625373785-turning-stone-resort-casino-oneida-indian-nation-verona-nueva-york.jpg,https://www.yogonet.com/international/news/2025/03/05/96650-new-york-39s-turning-stone-casino-to-host-multiple-hiring-events-in-march,6,12,22,71,"['New', 'Turning', 'Stone', 'March']",0.0,0.06818181818181818,"{'to': 0, 'for': 0, 'in': 0, 'million': 0, 'up': 0, 'of': 0, 'the': 0, 'bill': 0, 'march': 1, 'and': 1}","{'in': 1, 'to': 1, 'casino': 1, 'of': 0, 'for': 0, 'betting': 0, 'lottery': 0, 'gambling': 0, 'sports': 0, 'new': 1}",0.0,0.0,2.8333333333333335
2025-03-03,RECOGNITION OF 2024 RESULTS,Hard Rock Hotel & Casino Atlantic City team members awarded $10 million in bonuses,https://imagenesyogonet.b-cdn.net/data/imagenes/2025/02/28/73067/1740747381-mike-sampson-hard-rock-&-casino-atlantic-city-general-manager.jpg,https://www.yogonet.com/international/news/2025/03/03/96648-hard-rock-hotel-casino-atlantic-city-team-members-awarded-10-million-in-bonuses,4,14,27,82,"['Hard', 'Rock', 'Hotel', 'Casino', 'Atlantic', 'City']",0.0,-0.2916666666666667,"{'to': 0, 'for': 0, 'in': 0, 'million': 0, 'up': 0, 'of': 1, 'the': 0, 'bill': 0, 'march': 0, 'and': 0}","{'in': 1, 'to': 0, 'casino': 1, 'of': 0, 'for': 0, 'betting': 0, 'lottery': 0, 'gambling': 0, 'sports': 0, 'new': 0}",0.0,0.0,6.0
2025-03-04,OVER $125 MILLION,Unused Tropicana demolition funds to support Bally’s resort plans,https://imagenesyogonet.b-cdn.net/data/imagenes/2024/10/23/69285/1729709139-as-ballpark-ballys-resort-las-vegas-strip.jpg,https://www.yogonet.com/international/news/2025/03/04/96553-unused-tropicana-demolition-funds-to-support-ballys-resort-plans,3,9,17,65,"['Unused', 'Tropicana']",0.0,0.0,"{'to': 0, 'for': 0, 'in': 0, 'million': 1, 'up': 0, 'of': 0, 'the': 0, 'bill': 0, 'march': 0, 'and': 0}","{'in': 0, 'to': 1, 'casino': 0, 'of': 0, 'for': 0, 'betting': 0, 'lottery': 0, 'gambling': 0, 'sports': 0, 'new': 0}",0.0,0.0,5.0
2025-02-28,CHERRY REWARDS,Virgin Hotels Las Vegas to launch new rewards program in March,https://imagenesyogonet.b-cdn.net/data/imagenes/2023/01/26/51829/1674745394-virgin-hotes-las-vegas-entrance.jpg,https://www.yogonet.com/international/news/2025/02/28/96547-virgin-hotels-las-vegas-to-launch-new-rewards-program-in-march,2,11,14,62,"['Virgin', 'Hotels', 'Las', 'Vegas', 'March']",0.0,0.13636363636363635,"{'to': 0, 'for': 0, 'in': 0, 'million': 0, 'up': 0, 'of': 0, 'the': 0, 'bill': 0, 'march': 0, 'and': 0}","{'in': 1, 'to': 1, 'casino': 0, 'of': 0, 'for': 0, 'betting': 0, 'lottery': 0, 'gambling': 0, 'sports': 0, 'new': 1}",0.0,0.0,6.5
2025-02-28,"IN HOTEL OPERATIONS, F&B SECTORS",Mohegan Sun appoints company veterans Mary Wren and Chris Greaney to VP roles ,https://imagenesyogonet.b-cdn.net/data/imagenes/2022/09/12/48909/1663011094-mohegan-sun-connecticut-06.jpg,https://www.yogonet.com/international/news/2025/02/28/96444-mohegan-sun-appoints-company-veterans-mary-wren-and-chris-greaney-to-vp-roles,5,13,32,78,"['Mohegan', 'Sun', 'Mary', 'Wren', 'Chris', 'Greaney']",0.0,0.0,"{'to': 0, 'for': 0, 'in': 1, 'million': 0, 'up': 0, 'of': 0, 'the': 0, 'bill': 0, 'march': 0, 'and': 0}","{'in': 0, 'to': 1, 'casino': 0, 'of': 0, 'for': 0, 'betting': 0, 'lottery': 0, 'gambling': 0, 'sports': 0, 'new': 0}",0.0,0.0,5.6
2025-03-07,"MARCH 10 -12, CAPE TOWN",Sales Team Lead Zak Gusarov to highlight Uplatform's tailored solutions at SiGMA Africa 2025,https://imagenesyogonet.b-cdn.net/data/imagenes/2025/03/07/73283/1741367367-uplatform-zak-sales-team-sigma-africa-2025.jpg,https://www.yogonet.com/international/news/2025/03/07/97424-sales-team-lead-zak-gusarov-to-highlight-uplatform-39s-tailored-solutions-at-sigma-africa-2025,5,14,23,92,"['Sales', 'Team', 'Lead', 'Zak', 'Gusarov', 'Africa']",0.0,0.0,"{'to': 0, 'for': 0, 'in': 0, 'million': 0, 'up': 0, 'of': 0, 'the': 0, 'bill': 0, 'march': 1, 'and': 0}","{'in': 0, 'to': 1, 'casino': 0, 'of': 0, 'for': 0, 'betting': 0, 'lottery': 0, 'gambling': 0, 'sports': 0, 'new': 0}",0.0,0.0,3.8
2025-03-07,"REVENUE UP, LOSSES STEADY",Full House Resorts reports 21% revenue growth in Q4 despite continued $12.3M quarterly loss,https://imagenesyogonet.b-cdn.net/data/imagenes/2023/03/02/52657/1677763728-the-temporary-american-place-chicago-04.jpg,https://www.yogonet.com/international/news/2025/03/07/97405-full-house-resorts-reports-21-revenue-growth-in-q4-despite-continued-123m-quarterly-loss,4,14,25,91,"['Full', 'House', 'Resorts', 'Q4', '$12.3M']",0.16666666666666666,0.35,"{'to': 0, 'for': 0, 'in': 0, 'million': 0, 'up': 0, 'of': 0, 'the': 0, 'bill': 0, 'march': 0, 'and': 0}","{'in': 1, 'to': 0, 'casino': 0, 'of': 0, 'for': 0, 'betting': 0, 'lottery': 0, 'gambling': 0, 'sports': 0, 'new': 0}",0.0,59.68214285714288,5.5
2025-03-07,ONLINE RECOVERY GAINS MOMENTUM,"Entain posts $6.6 billion NGR in 2024 amid UK&I return to growth, global expansion",https://imagenesyogonet.b-cdn.net/data/imagenes/2024/08/08/66761/1723125055-entain-generica-02.jpg,https://www.yogonet.com/international/news/2025/03/07/97401-entain-posts-66-billion-ngr-in-2024-amid-uki-return-to-growth-global-expansion,4,14,30,82,['Entain'],0.0,0.0,"{'to': 0, 'for': 0, 'in': 0, 'million': 0, 'up': 0, 'of': 0, 'the': 0, 'bill': 0, 'march': 0, 'and': 0}","{'in': 1, 'to': 1, 'casino': 0, 'of': 0, 'for': 0, 'betting': 0, 'lottery': 0, 'gambling': 0, 'sports': 0, 'new': 0}",0.0,77.81071428571428,6.75
2025-03-07,DEAL ALREADY APPROVED,Groupe Partouche strengthens Cannes presence with 80% stake in Casino Les Princes,https://imagenesyogonet.b-cdn.net/data/imagenes/2025/03/07/73280/1741362850-casino-les-princes-cannes-francia.jpg,https://www.yogonet.com/international/news/2025/03/07/97393-groupe-partouche-strengthens-cannes-presence-with-80-stake-in-casino-les-princes,3,12,21,81,"['Groupe', 'Partouche', 'Cannes', 'Casino', 'Les', 'Princes']",0.0,0.0,"{'to': 0, 'for': 0, 'in': 0, 'million': 0, 'up': 0, 'of': 0, 'the': 0, 'bill': 0, 'march': 0, 'and': 0}","{'in': 1, 'to': 0, 'casino': 1, 'of': 0, 'for': 0, 'betting': 0, 'lottery': 0, 'gambling': 0, 'sports': 0, 'new': 0}",0.0,0.0,6.333333333333333
2025-03-07,EXPERT INSIGHTS,Slotegrator and EvenBet: On the future of poker in the iGaming industry,https://imagenesyogonet.b-cdn.net/data/imagenes/2025/03/06/73242/1741290054-slotegrator-evenbet-gaming-ceo-dmitry-starostenkov.jpg,https://www.yogonet.com/international/news/2025/03/07/97316-slotegrator-and-evenbet-on-the-future-of-poker-in-the-igaming-industry,2,12,15,71,"['Slotegrator', 'On']",0.0,0.0,"{'to': 0, 'for': 0, 'in': 0, 'million': 0, 'up': 0, 'of': 0, 'the': 0, 'bill': 0, 'march': 0, 'and': 0}","{'in': 1, 'to': 0, 'casino': 0, 'of': 1, 'for': 0, 'betting': 0, 'lottery': 0, 'gambling': 0, 'sports': 0, 'new': 0}",0.0,0.0,7.0
2025-03-07,AMID SUSTAINED EXPANSION IN THE REGION,Zitro installs its new Concept cabinets at MonteCarlo Casino in Mexico,https://imagenesyogonet.b-cdn.net/data/imagenes/2025/03/06/73231/1741281732-zitro-concept-montecarlo-casino-mazatlan-mexico-eng.jpg,https://www.yogonet.com/international/news/2025/03/07/97305-zitro-installs-its-new-concept-cabinets-at-montecarlo-casino-in-mexico,6,11,38,70,"['Zitro', 'Concept', 'Casino', 'Mexico']",0.0,0.13636363636363635,"{'to': 0, 'for': 0, 'in': 1, 'million': 0, 'up': 0, 'of': 0, 'the': 1, 'bill': 0, 'march': 0, 'and': 0}","{'in': 1, 'to': 0, 'casino': 1, 'of': 0, 'for': 0, 'betting': 0, 'lottery': 0, 'gambling': 0, 'sports': 0, 'new': 1}",0.0,0.0,5.5
2025-03-07,TITLES AVAILABLE FOR AGGREGATION,Slotegrator expands Baltic footprint by teaming up with live casino provider Winfinity,https://imagenesyogonet.b-cdn.net/data/imagenes/2025/03/06/73225/1741275373-alianza-slotegrator-winfinity.jpg,https://www.yogonet.com/international/news/2025/03/07/97298-slotegrator-expands-baltic-footprint-by-teaming-up-with-live-casino-provider-winfinity,4,12,32,86,"['Slotegrator', 'Baltic', 'Winfinity']",0.4,0.13636363636363635,"{'to': 0, 'for': 1, 'in': 0, 'million': 0, 'up': 0, 'of': 0, 'the': 0, 'bill': 0, 'march': 0, 'and': 0}","{'in': 0, 'to': 0, 'casino': 1, 'of': 0, 'for': 0, 'betting': 0, 'lottery': 0, 'gambling': 0, 'sports': 0, 'new': 0}",0.0,0.0,7.25
2025-03-07,"STRICTEST CAP SET AT $1,949",Paf sets reduced mandatory loss limits for gamblers,https://imagenesyogonet.b-cdn.net/data/imagenes/2024/05/24/64580/1716578033-paf-logo-generica.jpg,https://www.yogonet.com/international/news/2025/03/07/97295-paf-sets-reduced-mandatory-loss-limits-for-gamblers,5,8,27,51,['Paf'],0.0,0.0,"{'to': 0, 'for': 0, 'in': 0, 'million': 0, 'up': 0, 'of': 0, 'the': 0, 'bill': 0, 'march': 0, 'and': 0}","{'in': 0, 'to': 0, 'casino': 0, 'of': 0, 'for': 1, 'betting': 0, 'lottery': 0, 'gambling': 0, 'sports': 0, 'new': 0}",0.0,0.0,4.6
2025-03-07,5X5 GRID SLOT,Play'n GO launches Greek mythology-themed slot Medusa's Madness,https://imagenesyogonet.b-cdn.net/data/imagenes/2025/03/06/73222/1741270228-play-n-go-medusas-madness-01.jpg,https://www.yogonet.com/international/news/2025/03/07/97292-play-39n-go-launches-greek-mythologythemed-slot-medusa-39s-madness,3,8,13,63,"['Greek', 'Madness']",0.0,0.0,"{'to': 0, 'for': 0, 'in': 0, 'million': 0, 'up': 0, 'of': 0, 'the': 0, 'bill': 0, 'march': 0, 'and': 0}","{'in': 0, 'to': 0, 'casino': 0, 'of': 0, 'for': 0, 'betting': 0, 'lottery': 0, 'gambling': 0, 'sports': 0, 'new': 0}",0.0,0.0,3.6666666666666665
2025-03-06,$500K+ FOR 34 STATE GAMBLING COUNCILS,DraftKings expands responsible gaming initiatives in line with Problem Gambling Awareness Month,https://imagenesyogonet.b-cdn.net/data/imagenes/2021/08/06/38186/1628260981-draftkings-fantasy-sports-generica-04.jpg,https://www.yogonet.com/international/news/2025/03/06/97289-draftkings-expands-responsible-gaming-initiatives-in-line-with-problem-gambling-awareness-month,6,12,37,95,"['Problem', 'Gambling', 'Awareness', 'Month']",0.0,0.2,"{'to': 0, 'for': 1, 'in': 0, 'million': 0, 'up': 0, 'of': 0, 'the': 0, 'bill': 0, 'march': 0, 'and': 0}","{'in': 1, 'to': 0, 'casino': 0, 'of': 0, 'for': 0, 'betting': 0, 'lottery': 0, 'gambling': 1, 'sports': 0, 'new': 0}",0.0,0.0,5.333333333333333
2025-03-07,MOST OF ANY GAMING SUPPLIER,IGT wins seven awards at the 2025 EKG Slot Awards show,https://imagenesyogonet.b-cdn.net/data/imagenes/2025/03/06/73216/1741267699-igt-ganador-ekg-awards-2025-01.jpg,https://www.yogonet.com/international/news/2025/03/07/97284-igt-wins-seven-awards-at-the-2025-ekg-slot-awards-show,5,11,27,54,"['Slot', 'Awards']",0.5,0.3,"{'to': 0, 'for': 0, 'in': 0, 'million': 0, 'up': 0, 'of': 1, 'the': 0, 'bill': 0, 'march': 0, 'and': 0}","{'in': 0, 'to': 0, 'casino': 0, 'of': 0, 'for': 0, 'betting': 0, 'lottery': 0, 'gambling': 0, 'sports': 0, 'new': 0}",0.0,0.0,4.6
2025-03-07,OPERATING PROFIT ALSO FELL 19.6%,Veikkaus revenue drops 7.3% to $1.03 billion in 2024 ahead of market liberalization,https://imagenesyogonet.b-cdn.net/data/imagenes/2023/01/05/51460/1672930268-veikkaus-finlandia-generica.jpg,https://www.yogonet.com/international/news/2025/03/07/97281-veikkaus-revenue-drops-73-to-103-billion-in-2024-ahead-of-market-liberalization,5,13,32,83,['Veikkaus'],0.0,0.0,"{'to': 0, 'for': 0, 'in': 0, 'million': 0, 'up': 0, 'of': 0, 'the': 0, 'bill': 0, 'march': 0, 'and': 0}","{'in': 1, 'to': 1, 'casino': 0, 'of': 1, 'for': 0, 'betting': 0, 'lottery': 0, 'gambling': 0, 'sports': 0, 'new': 0}",49.48000000000002,63.57596153846157,5.6
2025-03-06,"A ""NEW"" BALLY 2.0","Bally’s faces revenue dip in Q4, full-year results largely flat in ""transitional"" 2024",https://imagenesyogonet.b-cdn.net/data/imagenes/2024/07/03/65787/1720016081-ballys-generica-02.jpg,https://www.yogonet.com/international/news/2025/03/06/97277-ballys-faces-revenue-dip-in-q4-fullyear-results-largely-flat-in-34transitional-34-2024,4,13,17,86,"['Q4,']",0.13636363636363635,-0.025,"{'to': 0, 'for': 0, 'in': 0, 'million': 0, 'up': 0, 'of': 0, 'the': 0, 'bill': 0, 'march': 0, 'and': 0}","{'in': 2, 'to': 0, 'casino': 0, 'of': 0, 'for': 0, 'betting': 0, 'lottery': 0, 'gambling': 0, 'sports': 0, 'new': 0}",118.17500000000001,0.0,3.5
2025-03-06,RESULTS AFTER COLLABORATION,Soft2Bet shares joint case study on how its integration with Amazon Web Services enhanced user experience,https://imagenesyogonet.b-cdn.net/data/imagenes/2025/03/05/73147/1741180230-alianza-soft2bet-aws.jpg,https://www.yogonet.com/international/news/2025/03/06/97273-soft2bet-shares-joint-case-study-on-how-its-integration-with-amazon-web-services-enhanced-user-experience,3,16,27,105,"['Soft2Bet', 'Amazon', 'Web', 'Services']",0.0,0.0,"{'to': 0, 'for': 0, 'in': 0, 'million': 0, 'up': 0, 'of': 0, 'the': 0, 'bill': 0, 'march': 0, 'and': 0}","{'in': 0, 'to': 0, 'casino': 0, 'of': 0, 'for': 0, 'betting': 0, 'lottery': 0, 'gambling': 0, 'sports': 0, 'new': 0}",0.0,0.0,8.333333333333334
2025-03-06,"""VEGAS LIGHTS"" SPOT DEBUTED MARCH 4",Brand ambassador Jamie Foxx stars in BetMGM’s first online casino ad,https://imagenesyogonet.b-cdn.net/data/imagenes/2025/03/06/73196/1741220799-jamie-foxx-spotlights-betmgm-casino-new-commercial.jpg,https://www.yogonet.com/international/news/2025/03/06/97197-brand-ambassador-jamie-foxx-stars-in-betmgms-first-online-casino-ad,6,11,35,68,"['Brand', 'Jamie', 'Foxx']",0.0,0.25,"{'to': 0, 'for': 0, 'in': 0, 'million': 0, 'up': 0, 'of': 0, 'the': 0, 'bill': 0, 'march': 1, 'and': 0}","{'in': 1, 'to': 0, 'casino': 1, 'of': 0, 'for': 0, 'betting': 0, 'lottery': 0, 'gambling': 0, 'sports': 0, 'new': 0}",0.0,0.0,5.0
2025-03-06,COMPANY ANALYSIS,"SOFTSWISS annual crypto report reveals shifts in 2024, with altcoins commanding nearly half of crypto bet sum",https://imagenesyogonet.b-cdn.net/data/imagenes/2025/03/06/73204/1741221757-softswiss-state-of-crypto-2024.jpg,https://www.yogonet.com/international/news/2025/03/06/97196-softswiss-annual-crypto-report-reveals-shifts-in-2024-with-altcoins-commanding-nearly-half-of-crypto-bet-sum,2,17,16,109,[],0.0,-0.16666666666666666,"{'to': 0, 'for': 0, 'in': 0, 'million': 0, 'up': 0, 'of': 0, 'the': 0, 'bill': 0, 'march': 0, 'and': 0}","{'in': 1, 'to': 0, 'casino': 0, 'of': 1, 'for': 0, 'betting': 0, 'lottery': 0, 'gambling': 0, 'sports': 0, 'new': 0}",0.0,0.0,7.5
2025-03-06,FOR MIGHTY HAMMER LINK UP,Zitro wins Latam's Top-Performing Game of the Year category at EKG Awards,https://imagenesyogonet.b-cdn.net/data/imagenes/2025/03/05/73191/1741202079-zitro-ganador-ekg-awards-2025-01.jpg,https://www.yogonet.com/international/news/2025/03/06/97191-zitro-wins-latam-39s-topperforming-game-of-the-year-category-at-ekg-awards,5,12,25,73,"['Zitro', 'Top-Performing', 'Game', 'Year', 'Awards']",0.4,-0.05000000000000002,"{'to': 0, 'for': 1, 'in': 0, 'million': 0, 'up': 1, 'of': 0, 'the': 0, 'bill': 0, 'march': 0, 'and': 0}","{'in': 0, 'to': 0, 'casino': 0, 'of': 1, 'for': 0, 'betting': 0, 'lottery': 0, 'gambling': 0, 'sports': 0, 'new': 0}",0.0,0.0,4.2
2025-03-05,$162 MILLION PROFIT FOR THE FULL YEAR,Flutter Entertainment's 2024 profits surge 113% on FanDuel success,https://imagenesyogonet.b-cdn.net/data/imagenes/2024/09/26/68244/1727355749-flutter-nyse.jpg,https://www.yogonet.com/international/news/2025/03/05/97180-flutter-entertainment-39s-2024-profits-surge-113-on-fanduel-success,7,9,37,66,['Flutter'],0.35,0.3,"{'to': 0, 'for': 1, 'in': 0, 'million': 1, 'up': 0, 'of': 0, 'the': 1, 'bill': 0, 'march': 0, 'and': 0}","{'in': 0, 'to': 0, 'casino': 0, 'of': 0, 'for': 0, 'betting': 0, 'lottery': 0, 'gambling': 0, 'sports': 0, 'new': 0}",0.0,0.0,4.428571428571429
2025-03-05,AFTER TWO YEARS OF OPERATION,UK-based Fitzdares to exit Ontario’s online gaming market,https://imagenesyogonet.b-cdn.net/data/imagenes/2020/06/19/31712/1625352601-juego-online-generica-01.jpg,https://www.yogonet.com/international/news/2025/03/05/97175-ukbased-fitzdares-to-exit-ontarios-online-gaming-market,5,8,28,57,['Fitzdares'],0.0,0.0,"{'to': 0, 'for': 0, 'in': 0, 'million': 0, 'up': 0, 'of': 1, 'the': 0, 'bill': 0, 'march': 0, 'and': 0}","{'in': 0, 'to': 1, 'casino': 0, 'of': 0, 'for': 0, 'betting': 0, 'lottery': 0, 'gambling': 0, 'sports': 0, 'new': 0}",0.0,0.0,4.8
2025-03-05,HE EXPECTS ‘AT LEAST A FEW STATES’,"DraftKings CEO sees ‘real momentum’ for legal sports betting, iGaming expansion",https://imagenesyogonet.b-cdn.net/data/imagenes/2024/10/10/68762/1728576956-g2e-2024-14-jason-robins-draftkings.jpg,https://www.yogonet.com/international/news/2025/03/05/97173-draftkings-ceo-sees-real-momentum-for-legal-sports-betting-igaming-expansion,7,11,34,79,[],-0.25,0.2,"{'to': 0, 'for': 0, 'in': 0, 'million': 0, 'up': 0, 'of': 0, 'the': 0, 'bill': 0, 'march': 0, 'and': 0}","{'in': 0, 'to': 0, 'casino': 0, 'of': 0, 'for': 1, 'betting': 0, 'lottery': 0, 'gambling': 0, 'sports': 1, 'new': 0}",0.0,0.0,4.0
2025-03-07,BILL PL 706-2025,Brazil proposes up to eight-year prison sentence for illegal gambling ads,https://imagenesyogonet.b-cdn.net/data/imagenes/2023/05/31/54942/1685536664-apuestas-deportivas-online-brasil-generica-02.jpg,https://www.yogonet.com/international/news/2025/03/07/97411-brazil-proposes-up-to-eightyear-prison-sentence-for-illegal-gambling-ads,3,11,16,73,['Brazil'],0.0,-0.5,"{'to': 0, 'for': 0, 'in': 0, 'million': 0, 'up': 0, 'of': 0, 'the': 0, 'bill': 1, 'march': 0, 'and': 0}","{'in': 0, 'to': 1, 'casino': 0, 'of': 0, 'for': 1, 'betting': 0, 'lottery': 0, 'gambling': 1, 'sports': 0, 'new': 0}",0.0,0.0,4.666666666666667
2025-03-07,DESPITE STRONG BACKING,Georgia’s sports betting hopes fade as legislative session closes without a vote,https://imagenesyogonet.b-cdn.net/data/imagenes/2025/03/06/73230/1741281732-legislatura-georgia-usa-02.jpg,https://www.yogonet.com/international/news/2025/03/07/97302-georgias-sports-betting-hopes-fade-as-legislative-session-closes-without-a-vote,3,12,22,80,[],0.4333333333333333,0.0,"{'to': 0, 'for': 0, 'in': 0, 'million': 0, 'up': 0, 'of': 0, 'the': 0, 'bill': 0, 'march': 0, 'and': 0}","{'in': 0, 'to': 0, 'casino': 0, 'of': 0, 'for': 0, 'betting': 1, 'lottery': 0, 'gambling': 0, 'sports': 1, 'new': 0}",0.0,0.0,6.666666666666667
2025-03-06,SB 2381 AND SB 2510,"Mississippi House committee advances mobile sports betting, but Senate resistance remains",https://imagenesyogonet.b-cdn.net/data/imagenes/2025/02/13/72542/1739452877-mississippi-senate.jpg,https://www.yogonet.com/international/news/2025/03/06/97287-mississippi-house-committee-advances-mobile-sports-betting-but-senate-resistance-remains,5,11,19,89,"['Mississippi', 'House', 'Senate']",0.0,0.0,"{'to': 0, 'for': 0, 'in': 0, 'million': 0, 'up': 0, 'of': 0, 'the': 0, 'bill': 0, 'march': 0, 'and': 1}","{'in': 0, 'to': 0, 'casino': 0, 'of': 0, 'for': 0, 'betting': 0, 'lottery': 0, 'gambling': 0, 'sports': 1, 'new': 0}",0.0,0.0,3.0
2025-03-06,HB 1308 PASSES WITH 35-15 VOTE,"Hawaii House passes sports betting bill, faces uncertain future in Senate",https://imagenesyogonet.b-cdn.net/data/imagenes/2024/02/12/61590/1707747007-hawaii-legislature-inside.jpg,https://www.yogonet.com/international/news/2025/03/06/97276-hawaii-house-passes-sports-betting-bill-faces-uncertain-future-in-senate,6,11,30,73,"['Hawaii', 'House', 'Senate']",0.0,0.0,"{'to': 0, 'for': 0, 'in': 0, 'million': 0, 'up': 0, 'of': 0, 'the': 0, 'bill': 0, 'march': 0, 'and': 0}","{'in': 1, 'to': 0, 'casino': 0, 'of': 0, 'for': 0, 'betting': 1, 'lottery': 0, 'gambling': 0, 'sports': 1, 'new': 0}",0.0,0.0,4.166666666666667
2025-03-05,HOUSE BILL 14,NC House committee advances bill allowing gamblers to deduct losses on income taxes,https://imagenesyogonet.b-cdn.net/data/imagenes/2023/11/30/59999/1701374916-north-carolina-cartel-generica.jpg,https://www.yogonet.com/international/news/2025/03/05/97165-nc-house-committee-advances-bill-allowing-gamblers-to-deduct-losses-on-income-taxes,3,13,13,83,['House'],0.0,0.0,"{'to': 0, 'for': 0, 'in': 0, 'million': 0, 'up': 0, 'of': 0, 'the': 0, 'bill': 1, 'march': 0, 'and': 0}","{'in': 0, 'to': 1, 'casino': 0, 'of': 0, 'for': 0, 'betting': 0, 'lottery': 0, 'gambling': 0, 'sports': 0, 'new': 0}",0.0,0.0,3.6666666666666665
2025-03-05,PIGOS UNDER SCRUTINY,Philippine lawmaker calls for review of local online gambling,https://imagenesyogonet.b-cdn.net/data/imagenes/2017/05/29/13739/1625217603-francis-escudero-senador-filipinas.jpg,https://www.yogonet.com/international/news/2025/03/05/97072-philippine-lawmaker-calls-for-review-of-local-online-gambling,3,9,20,61,['Philippine'],0.0,0.0,"{'to': 0, 'for': 0, 'in': 0, 'million': 0, 'up': 0, 'of': 0, 'the': 0, 'bill': 0, 'march': 0, 'and': 0}","{'in': 0, 'to': 0, 'casino': 0, 'of': 1, 'for': 1, 'betting': 0, 'lottery': 0, 'gambling': 1, 'sports': 0, 'new': 0}",0.0,0.0,6.0
2025-03-04,DRAFT AMENDMENTS EXPECTED BY MID-2025,"Estonia to revise gambling act, but no major restrictions planned",https://imagenesyogonet.b-cdn.net/data/imagenes/2025/03/04/73135/1741099501-estonia-tallin-city.jpg,https://www.yogonet.com/international/news/2025/03/04/97065-estonia-to-revise-gambling-act-but-no-major-restrictions-planned,5,10,37,65,['Estonia'],-0.1,-0.03125,"{'to': 0, 'for': 0, 'in': 0, 'million': 0, 'up': 0, 'of': 0, 'the': 0, 'bill': 0, 'march': 0, 'and': 0}","{'in': 0, 'to': 1, 'casino': 0, 'of': 0, 'for': 0, 'betting': 0, 'lottery': 0, 'gambling': 1, 'sports': 0, 'new': 0}",0.0,0.0,6.6
2025-03-04,DESPITE ARGUMENTS OF POTENTIAL TAX REVENUE,"Georgia Senate Committee rejects gambling legalization proposal, debate continues",https://imagenesyogonet.b-cdn.net/data/imagenes/2020/06/22/31730/1625352663-legislatura-georgia-usa.jpg,https://www.yogonet.com/international/news/2025/03/04/96677-georgia-senate-committee-rejects-gambling-legalization-proposal-debate-continues,6,9,42,81,"['Georgia', 'Senate', 'Committee']",0.0,0.0,"{'to': 0, 'for': 0, 'in': 0, 'million': 0, 'up': 0, 'of': 1, 'the': 0, 'bill': 0, 'march': 0, 'and': 0}","{'in': 0, 'to': 0, 'casino': 0, 'of': 0, 'for': 0, 'betting': 0, 'lottery': 0, 'gambling': 1, 'sports': 0, 'new': 0}",0.0,0.0,6.166666666666667
2025-03-05,HOUSE BILL 1879,Mississippi House Chairman kills Jackson casino bill just moments before floor vote,https://imagenesyogonet.b-cdn.net/data/imagenes/2024/01/26/61134/1706275613-legislatura-mississippi.jpg,https://www.yogonet.com/international/news/2025/03/05/96668-mississippi-house-chairman-kills-jackson-casino-bill-just-moments-before-floor-vote,3,12,15,83,"['Mississippi', 'House', 'Chairman', 'Jackson']",0.0,0.0,"{'to': 0, 'for': 0, 'in': 0, 'million': 0, 'up': 0, 'of': 0, 'the': 0, 'bill': 1, 'march': 0, 'and': 0}","{'in': 0, 'to': 0, 'casino': 1, 'of': 0, 'for': 0, 'betting': 0, 'lottery': 0, 'gambling': 0, 'sports': 0, 'new': 0}",0.0,0.0,4.333333333333333
2025-03-05,SLOT LIMITS ALSO SET FOR APRIL AND MAY,"UK gambling levy to take effect April 6, Baroness Twycross confirms",https://imagenesyogonet.b-cdn.net/data/imagenes/2023/11/23/59838/1700777629-united-kingdom-uk-generica.jpg,https://www.yogonet.com/international/news/2025/03/05/96658-uk-gambling-levy-to-take-effect-april-6-baroness-twycross-confirms,8,11,38,67,"['April', 'Baroness', 'Twycross']",0.0,0.0,"{'to': 0, 'for': 1, 'in': 0, 'million': 0, 'up': 0, 'of': 0, 'the': 0, 'bill': 0, 'march': 0, 'and': 1}","{'in': 0, 'to': 1, 'casino': 0, 'of': 0, 'for': 0, 'betting': 0, 'lottery': 0, 'gambling': 1, 'sports': 0, 'new': 0}",0.0,0.0,3.875
2025-02-28,HB 953 AND SB 1404,"Florida lawmakers propose sweepstakes gambling ban, maintain Seminole Tribe’s exclusive compact",https://imagenesyogonet.b-cdn.net/data/imagenes/2021/04/13/35980/1625369644-sesion-senado-florida.jpg,https://www.yogonet.com/international/news/2025/02/28/96652-florida-lawmakers-propose-sweepstakes-gambling-ban-maintain-seminole-tribes-exclusive-compact,5,11,18,95,"['Florida', 'Seminole']",0.0,0.0,"{'to': 0, 'for': 0, 'in': 0, 'million': 0, 'up': 0, 'of': 0, 'the': 0, 'bill': 0, 'march': 0, 'and': 1}","{'in': 0, 'to': 0, 'casino': 0, 'of': 0, 'for': 0, 'betting': 0, 'lottery': 0, 'gambling': 1, 'sports': 0, 'new': 0}",0.0,0.0,2.8
2025-03-03,UP TO 16 ONLINE BETTING LICENSES,"New York lawmaker proposes sports betting expansion, lower tax rate for operators",https://imagenesyogonet.b-cdn.net/data/imagenes/2019/06/19/26056/1625329865-congreso-new-york-state-assembly.jpg,https://www.yogonet.com/international/news/2025/03/03/96572-new-york-lawmaker-proposes-sports-betting-expansion-lower-tax-rate-for-operators,6,12,32,81,"['New', 'York']",0.0,0.13636363636363635,"{'to': 1, 'for': 0, 'in': 0, 'million': 0, 'up': 1, 'of': 0, 'the': 0, 'bill': 0, 'march': 0, 'and': 0}","{'in': 0, 'to': 0, 'casino': 0, 'of': 0, 'for': 1, 'betting': 1, 'lottery': 0, 'gambling': 0, 'sports': 1, 'new': 1}",0.0,0.0,4.5
2025-02-27,SENATE BILL 1569,Hawaii Senate committee defers sports betting bill as House counterpart moves forward,https://imagenesyogonet.b-cdn.net/data/imagenes/2023/02/09/52155/1675971253-legislatura-hawaii.jpg,https://www.yogonet.com/international/news/2025/02/27/96543-hawaii-senate-committee-defers-sports-betting-bill-as-house-counterpart-moves-forward,3,12,16,85,"['Hawaii', 'Senate', 'House']",0.0,0.0,"{'to': 0, 'for': 0, 'in': 0, 'million': 0, 'up': 0, 'of': 0, 'the': 0, 'bill': 1, 'march': 0, 'and': 0}","{'in': 0, 'to': 0, 'casino': 0, 'of': 0, 'for': 0, 'betting': 1, 'lottery': 0, 'gambling': 0, 'sports': 1, 'new': 0}",0.0,0.0,4.666666666666667
2025-02-27,OPERATORS RALLY AGAINST TAX HIKE,"NJ Gov. proposal to raise online gambling, sports betting taxes faces strong opposition from industry and lawmakers",https://imagenesyogonet.b-cdn.net/data/imagenes/2022/09/23/49180/1663940373-phil-murphy-gobernador-new-jersey-east-coast-gaming-congress.jpg,https://www.yogonet.com/international/news/2025/02/27/96536-nj-gov-proposal-to-raise-online-gambling-sports-betting-taxes-faces-strong-opposition-from-industry-and-lawmakers,5,17,32,115,['Gov.'],0.0,0.4333333333333333,"{'to': 0, 'for': 0, 'in': 0, 'million': 0, 'up': 0, 'of': 0, 'the': 0, 'bill': 0, 'march': 0, 'and': 0}","{'in': 0, 'to': 1, 'casino': 0, 'of': 0, 'for': 0, 'betting': 1, 'lottery': 0, 'gambling': 0, 'sports': 1, 'new': 0}",0.0,30.332941176470626,5.6
2025-02-27,POTENTIAL MAJOR HURDLE,Virginia lawmakers push for public referendum on new Rosie’s gambling facility in Henrico,https://imagenesyogonet.b-cdn.net/data/imagenes/2023/02/07/52036/1675777351-legislatura-capitolio-virginia-usa-02.jpg,https://www.yogonet.com/international/news/2025/02/27/96534-virginia-lawmakers-push-for-public-referendum-on-new-rosies-gambling-facility-in-henrico,3,13,22,89,"['Virginia', 'Henrico']",0.03125,0.06818181818181818,"{'to': 0, 'for': 0, 'in': 0, 'million': 0, 'up': 0, 'of': 0, 'the': 0, 'bill': 0, 'march': 0, 'and': 0}","{'in': 1, 'to': 0, 'casino': 0, 'of': 0, 'for': 1, 'betting': 0, 'lottery': 0, 'gambling': 1, 'sports': 0, 'new': 1}",0.0,0.0,6.666666666666667
2025-02-27,SENATE BILL 208,Georgia lawmaker introduces Senate bill to legalize sports betting,https://imagenesyogonet.b-cdn.net/data/imagenes/2020/06/22/31730/1625352663-legislatura-georgia-usa.jpg,https://www.yogonet.com/international/news/2025/02/27/96511-georgia-lawmaker-introduces-senate-bill-to-legalize-sports-betting,3,9,15,66,"['Georgia', 'Senate']",0.0,0.0,"{'to': 0, 'for': 0, 'in': 0, 'million': 0, 'up': 0, 'of': 0, 'the': 0, 'bill': 1, 'march': 0, 'and': 0}","{'in': 0, 'to': 1, 'casino': 0, 'of': 0, 'for': 0, 'betting': 1, 'lottery': 0, 'gambling': 0, 'sports': 1, 'new': 0}",0.0,0.0,4.333333333333333
2025-02-26,SECOND LEGISLATIVE ATTEMPT IN THE U.S.,Maryland lawmaker proposes bill to end online sports betting by 2026,https://imagenesyogonet.b-cdn.net/data/imagenes/2021/02/26/35310/1625366945-legislatura-maryland-state-house.jpg,https://www.yogonet.com/international/news/2025/02/26/96436-maryland-lawmaker-proposes-bill-to-end-online-sports-betting-by-2026,6,11,38,68,['Maryland'],0.0,0.0,"{'to': 0, 'for': 0, 'in': 1, 'million': 0, 'up': 0, 'of': 0, 'the': 1, 'bill': 0, 'march': 0, 'and': 0}","{'in': 0, 'to': 1, 'casino': 0, 'of': 0, 'for': 0, 'betting': 1, 'lottery': 0, 'gambling': 0, 'sports': 1, 'new': 0}",34.59000000000003,0.0,5.5
2025-02-26,STITT RESURFACES PAST LEGISLATION PROPOSAL,Oklahoma Governor stands firm on sports betting plan amid competing proposals,https://imagenesyogonet.b-cdn.net/data/imagenes/2021/01/27/34841/1625365084-kevin-stitt-gobernador-oklahoma.jpg,https://www.yogonet.com/international/news/2025/02/26/96412-oklahoma-governor-stands-firm-on-sports-betting-plan-amid-competing-proposals,5,11,42,77,"['Oklahoma', 'Governor']",-0.25,-0.2,"{'to': 0, 'for': 0, 'in': 0, 'million': 0, 'up': 0, 'of': 0, 'the': 0, 'bill': 0, 'march': 0, 'and': 0}","{'in': 0, 'to': 0, 'casino': 0, 'of': 0, 'for': 0, 'betting': 1, 'lottery': 0, 'gambling': 0, 'sports': 1, 'new': 0}",0.0,0.0,7.6
2025-02-28,LEGISLATION NOW TO BE DRAFTED,Sri Lanka's Cabinet of Minister approves establishment of independent gambling regulator,https://imagenesyogonet.b-cdn.net/data/imagenes/2022/10/24/50081/1666630714-vista-colombo-sri-lanka-02.jpg,https://www.yogonet.com/international/news/2025/02/28/96407-sri-lanka-39s-cabinet-of-minister-approves-establishment-of-independent-gambling-regulator,5,11,29,88,"['Sri', 'Cabinet', 'Minister']",0.0,0.0,"{'to': 1, 'for': 0, 'in': 0, 'million': 0, 'up': 0, 'of': 0, 'the': 0, 'bill': 0, 'march': 0, 'and': 0}","{'in': 0, 'to': 0, 'casino': 0, 'of': 2, 'for': 0, 'betting': 0, 'lottery': 0, 'gambling': 1, 'sports': 0, 'new': 0}",0.0,0.0,5.0
2025-02-26,AMID GOVERNOR'S LONGSTANDING OPPOSITION,Bill to legalize sports betting in South Carolina to face tough battle in legislature,https://imagenesyogonet.b-cdn.net/data/imagenes/2022/04/25/45147/1650890958-legislatura-south-carolina.jpg,https://www.yogonet.com/international/news/2025/02/26/96305-bill-to-legalize-sports-betting-in-south-carolina-to-face-tough-battle-in-legislature,4,14,39,85,"['Bill', 'South', 'Carolina']",0.0,-0.3888888888888889,"{'to': 0, 'for': 0, 'in': 0, 'million': 0, 'up': 0, 'of': 0, 'the': 0, 'bill': 0, 'march': 0, 'and': 0}","{'in': 2, 'to': 2, 'casino': 0, 'of': 0, 'for': 0, 'betting': 1, 'lottery': 0, 'gambling': 0, 'sports': 1, 'new': 0}",0.0,0.0,9.0
2025-02-19,THIRD US LOTTERY TO REACH MILESTONE,Washington’s Lottery earns top responsible gambling certification,https://imagenesyogonet.b-cdn.net/data/imagenes/2025/02/19/72719/1739976725-washington-lottery-cartel-generica.jpg,https://www.yogonet.com/international/news/2025/02/19/95540-washingtons-lottery-earns-top-responsible-gambling-certification,6,7,35,65,['Lottery'],0.0,0.35,"{'to': 1, 'for': 0, 'in': 0, 'million': 0, 'up': 0, 'of': 0, 'the': 0, 'bill': 0, 'march': 0, 'and': 0}","{'in': 0, 'to': 0, 'casino': 0, 'of': 0, 'for': 0, 'betting': 0, 'lottery': 1, 'gambling': 1, 'sports': 0, 'new': 0}",0.0,0.0,5.0
2025-02-19,WILL RUN THROUGH JUNE 2036,IGT announces nine-year contract extension with Tennessee Education Lottery,https://imagenesyogonet.b-cdn.net/data/imagenes/2025/01/22/71886/1737576403-ice-barcelona-2025-2-70-stand-igt.jpg,https://www.yogonet.com/international/news/2025/02/19/95442-igt-announces-nineyear-contract-extension-with-tennessee-education-lottery,5,9,26,75,"['Tennessee', 'Education', 'Lottery']",0.0,0.0,"{'to': 0, 'for': 0, 'in': 0, 'million': 0, 'up': 0, 'of': 0, 'the': 0, 'bill': 0, 'march': 0, 'and': 0}","{'in': 0, 'to': 0, 'casino': 0, 'of': 0, 'for': 0, 'betting': 0, 'lottery': 1, 'gambling': 0, 'sports': 0, 'new': 0}",0.0,0.0,4.4
2024-12-09,BOS CHIEF CALLS FOR GOVERNMENT ACTION,Sweden urged to privatize Svenska Spel with concerns over regulatory integrity,https://imagenesyogonet.b-cdn.net/data/imagenes/2019/02/26/24021/1625258707-svenska-spel-sede-central.jpg,https://www.yogonet.com/international/news/2024/12/09/88035-sweden-urged-to-privatize-svenska-spel-with-concerns-over-regulatory-integrity,6,11,37,78,"['Sweden', 'Svenska', 'Spel']",0.1,0.0,"{'to': 0, 'for': 1, 'in': 0, 'million': 0, 'up': 0, 'of': 0, 'the': 0, 'bill': 0, 'march': 0, 'and': 0}","{'in': 0, 'to': 1, 'casino': 0, 'of': 0, 'for': 0, 'betting': 0, 'lottery': 0, 'gambling': 0, 'sports': 0, 'new': 0}",0.0,0.0,5.333333333333333
2024-12-04,AN INCREASE OF $48 MILLION Y-O-Y,Oregon Lottery transfers $947 million back to state for the 2024 fiscal year,https://imagenesyogonet.b-cdn.net/data/imagenes/2022/10/11/49562/1665516315-oregon-lottery-generica.jpg,https://www.yogonet.com/international/news/2024/12/04/87464-oregon-lottery-transfers-947-million-back-to-state-for-the-2024-fiscal-year,6,13,32,76,"['Oregon', 'Lottery']",0.0,0.0,"{'to': 0, 'for': 0, 'in': 0, 'million': 1, 'up': 0, 'of': 1, 'the': 0, 'bill': 0, 'march': 0, 'and': 0}","{'in': 0, 'to': 1, 'casino': 0, 'of': 0, 'for': 1, 'betting': 0, 'lottery': 1, 'gambling': 0, 'sports': 0, 'new': 0}",0.0,0.0,4.5
2024-12-02,"SET TO BEGIN ON DEC 1, 2024",The European Lotteries welcome new European Commission for 2024-2029,https://imagenesyogonet.b-cdn.net/data/imagenes/2024/11/29/70527/1732884227-ursula-von-der-leyen-presidente-comision-europea.jpg,https://www.yogonet.com/international/news/2024/12/02/86956-the-european-lotteries-welcome-new-european-commission-for-20242029,7,9,27,68,"['The', 'European', 'Lotteries', 'European', 'Commission']",0.0,0.2340909090909091,"{'to': 1, 'for': 0, 'in': 0, 'million': 0, 'up': 0, 'of': 0, 'the': 0, 'bill': 0, 'march': 0, 'and': 0}","{'in': 0, 'to': 0, 'casino': 0, 'of': 0, 'for': 1, 'betting': 0, 'lottery': 0, 'gambling': 0, 'sports': 0, 'new': 1}",0.0,0.0,3.0
2024-11-28,AS COUNTRY EMBRACES LEGAL GAMBLING,UAE launches first regulated lottery operation with $27.2M grand prize on offer,https://imagenesyogonet.b-cdn.net/data/imagenes/2023/11/30/59970/1701350348-loteria-generica-04.jpg,https://www.yogonet.com/international/news/2024/11/28/86858-uae-launches-first-regulated-lottery-operation-with-272m-grand-prize-on-offer,5,12,34,79,['$27.2M'],0.2,0.375,"{'to': 0, 'for': 0, 'in': 0, 'million': 0, 'up': 0, 'of': 0, 'the': 0, 'bill': 0, 'march': 0, 'and': 0}","{'in': 0, 'to': 0, 'casino': 0, 'of': 0, 'for': 0, 'betting': 0, 'lottery': 1, 'gambling': 0, 'sports': 0, 'new': 0}",0.0,39.55500000000001,6.0
2024-11-26,$10 TICKET WITH UP TO $1 MILLION WINNINGS,Massachusetts State Lottery launches Boston Celtics Banner 18 instant ticket game,https://imagenesyogonet.b-cdn.net/data/imagenes/2024/11/25/70306/1732547978-boston-celtics-banner-18-instant-ticket-game.jpg,https://www.yogonet.com/international/news/2024/11/26/86487-massachusetts-state-lottery-launches-boston-celtics-banner-18-instant-ticket-game,8,11,41,81,"['Massachusetts', 'State', 'Lottery', 'Boston', 'Celtics', 'Banner']",0.0,-0.2,"{'to': 1, 'for': 0, 'in': 0, 'million': 1, 'up': 1, 'of': 0, 'the': 0, 'bill': 0, 'march': 0, 'and': 0}","{'in': 0, 'to': 0, 'casino': 0, 'of': 0, 'for': 0, 'betting': 0, 'lottery': 1, 'gambling': 0, 'sports': 0, 'new': 0}",0.0,0.0,4.25
2024-11-20,FIRST DRAW SCHEDULED FOR NOVEMBER 24,India: Goa introduces online lottery in search of more transparent gaming processes,https://imagenesyogonet.b-cdn.net/data/imagenes/2023/11/30/59970/1701350348-loteria-generica-04.jpg,https://www.yogonet.com/international/news/2024/11/20/85963-india-goa-introduces-online-lottery-in-search-of-more-transparent-gaming-processes,6,12,36,83,"['India:', 'Goa']",0.25,0.5,"{'to': 0, 'for': 1, 'in': 0, 'million': 0, 'up': 0, 'of': 0, 'the': 0, 'bill': 0, 'march': 0, 'and': 0}","{'in': 1, 'to': 0, 'casino': 0, 'of': 1, 'for': 0, 'betting': 0, 'lottery': 1, 'gambling': 0, 'sports': 0, 'new': 0}",0.0,0.0,5.166666666666667
2024-11-06,GRAND PRIZES DRAWING ON DEC. 26,"Montana Millionaire raffle sells 500,000 tickets in less then three hours",https://imagenesyogonet.b-cdn.net/data/imagenes/2020/07/13/31987/1625353682-montana-lottery-loteria-generica.jpg,https://www.yogonet.com/international/news/2024/11/06/84439-montana-millionaire-raffle-sells-500-000-tickets-in-less-then-three-hours,6,11,31,73,"['Montana', 'Millionaire']",0.5,-0.16666666666666666,"{'to': 0, 'for': 0, 'in': 0, 'million': 0, 'up': 0, 'of': 0, 'the': 0, 'bill': 0, 'march': 0, 'and': 0}","{'in': 1, 'to': 0, 'casino': 0, 'of': 0, 'for': 0, 'betting': 0, 'lottery': 0, 'gambling': 0, 'sports': 0, 'new': 0}",102.045,0.0,4.333333333333333
2024-11-06,LOTTERY SALES REACH $775.7 MILLION IN FY24,"Minnesota Lottery surpasses $4 billion milestone, boosting state resources and environmental projects",https://imagenesyogonet.b-cdn.net/data/imagenes/2023/08/18/56934/1692382412-adam-prock-executive-director-minnesota-lottery.jpg,https://www.yogonet.com/international/news/2024/11/06/84412-minnesota-lottery-surpasses-4-billion-milestone-boosting-state-resources-and-environmental-projects,7,12,42,101,"['Minnesota', 'Lottery']",0.0,0.0,"{'to': 0, 'for': 0, 'in': 1, 'million': 1, 'up': 0, 'of': 0, 'the': 0, 'bill': 0, 'march': 0, 'and': 0}","{'in': 0, 'to': 0, 'casino': 0, 'of': 0, 'for': 0, 'betting': 0, 'lottery': 1, 'gambling': 0, 'sports': 0, 'new': 0}",78.87285714285717,0.0,5.142857142857143
2024-11-05,HANDLE UP BY 20% Y-O-Y,"Virginia reports $622M+ in sports betting revenues, voters to decide on fate of casino in Petersburg today",https://imagenesyogonet.b-cdn.net/data/imagenes/2023/03/16/52999/1678980947-apuestas-deportivas-generica-28.jpg,https://www.yogonet.com/international/news/2024/11/05/84292-virginia-reports-622m-in-sports-betting-revenues-voters-to-decide-on-fate-of-casino-in-petersburg-today,5,17,22,106,"['Virginia', '$622M+', 'Petersburg']",0.0,0.0,"{'to': 0, 'for': 0, 'in': 0, 'million': 0, 'up': 1, 'of': 0, 'the': 0, 'bill': 0, 'march': 0, 'and': 0}","{'in': 2, 'to': 1, 'casino': 1, 'of': 1, 'for': 0, 'betting': 1, 'lottery': 0, 'gambling': 0, 'sports': 1, 'new': 0}",0.0,0.0,3.6
2024-11-04,"EXPANSION INTO MOBILE, LOYALTY PROGRAM",West Virginia Lottery launches new iPlay mobile platform and PlayOn loyalty program,https://imagenesyogonet.b-cdn.net/data/imagenes/2024/11/04/69674/1730740547-iplay-west-virginia-lottery.jpg,https://www.yogonet.com/international/news/2024/11/04/84198-west-virginia-lottery-launches-new-iplay-mobile-platform-and-playon-loyalty-program,5,12,38,83,"['West', 'Virginia', 'Lottery']",0.0,0.13636363636363635,"{'to': 0, 'for': 0, 'in': 0, 'million': 0, 'up': 0, 'of': 0, 'the': 0, 'bill': 0, 'march': 0, 'and': 0}","{'in': 0, 'to': 0, 'casino': 0, 'of': 0, 'for': 0, 'betting': 0, 'lottery': 1, 'gambling': 0, 'sports': 0, 'new': 1}",0.0,0.0,6.8
2024-11-04,AS IT CELEBRATES 50TH ANNIVERSARY,"Illinois Lottery reports $3.8B in sales for FY 2024, records five multi-state jackpots over $1 billion",https://imagenesyogonet.b-cdn.net/data/imagenes/2024/06/26/65596/1719415851-illinois-lottery-50th-anniversary-celebration.jpg,https://www.yogonet.com/international/news/2024/11/04/84183-illinois-lottery-reports-38b-in-sales-for-fy-2024-records-five-multistate-jackpots-over-1-billion,5,16,33,102,"['Illinois', 'Lottery', '$3.8B']",0.0,0.0,"{'to': 0, 'for': 0, 'in': 0, 'million': 0, 'up': 0, 'of': 0, 'the': 0, 'bill': 0, 'march': 0, 'and': 0}","{'in': 1, 'to': 0, 'casino': 0, 'of': 0, 'for': 1, 'betting': 0, 'lottery': 1, 'gambling': 0, 'sports': 0, 'new': 0}",0.0,47.83250000000001,5.8
2024-10-14,CONTRIBUTES OVER $2 BILLION TO THE STATE,"Texas Lottery generates $8.39 billion in sales in FY 2024, its second-best year",https://imagenesyogonet.b-cdn.net/data/imagenes/2024/02/27/61938/1709044222-texas-lottery-tickets-generic.jpg,https://www.yogonet.com/international/news/2024/10/14/81867-texas-lottery-generates-839-billion-in-sales-in-fy-2024-its-secondbest-year,7,13,40,79,"['Texas', 'Lottery']",0.0,0.0,"{'to': 1, 'for': 0, 'in': 0, 'million': 0, 'up': 0, 'of': 0, 'the': 1, 'bill': 0, 'march': 0, 'and': 0}","{'in': 2, 'to': 0, 'casino': 0, 'of': 0, 'for': 0, 'betting': 0, 'lottery': 1, 'gambling': 0, 'sports': 0, 'new': 0}",0.0,56.97846153846157,4.857142857142857
2024-10-09,PROPOSAL WAS SHOT DOWN IN 2022,Irish Senate to revisit lottery betting ban amid concerns over good causes funding,https://imagenesyogonet.b-cdn.net/data/imagenes/2022/10/20/49996/1666292841-national-lottery-ireland.jpg,https://www.yogonet.com/international/news/2024/10/09/81367-irish-senate-to-revisit-lottery-betting-ban-amid-concerns-over-good-causes-funding,6,13,30,82,"['Irish', 'Senate']",-0.15555555555555559,0.35,"{'to': 0, 'for': 0, 'in': 1, 'million': 0, 'up': 0, 'of': 0, 'the': 0, 'bill': 0, 'march': 0, 'and': 0}","{'in': 0, 'to': 1, 'casino': 0, 'of': 0, 'for': 0, 'betting': 1, 'lottery': 1, 'gambling': 0, 'sports': 0, 'new': 0}",0.0,0.0,4.166666666666667
2024-10-08,ITS 11TH STATE IN THE US,"Lotto.com enters Massachusetts, bringing first-ever digital scratch ticket offering",https://imagenesyogonet.b-cdn.net/data/imagenes/2024/10/08/68680/1728411204-lotto-com-web.jpg,https://www.yogonet.com/international/news/2024/10/08/81279-lottocom-enters-massachusetts-bringing-firstever-digital-scratch-ticket-offering,6,9,24,83,"['Massachusetts,']",0.0,0.0,"{'to': 0, 'for': 0, 'in': 1, 'million': 0, 'up': 0, 'of': 0, 'the': 1, 'bill': 0, 'march': 0, 'and': 0}","{'in': 0, 'to': 0, 'casino': 0, 'of': 0, 'for': 0, 'betting': 0, 'lottery': 0, 'gambling': 0, 'sports': 0, 'new': 0}",0.0,-18.499999999999943,3.1666666666666665
2024-09-30,SUSTAINABLE PRACTICES ADOPTED,The European Lotteries announces Greenhouse Gas Emissions Reduction Programme to lower carbon footprint,https://imagenesyogonet.b-cdn.net/data/imagenes/2024/09/30/68389/1727698920-european-lotteries-seminario-dublin-sep-2024.jpg,https://www.yogonet.com/international/news/2024/09/30/80094-the-european-lotteries-announces-greenhouse-gas-emissions-reduction-programme-to-lower-carbon-footprint,3,13,29,103,"['The', 'European', 'Lotteries', 'Greenhouse', 'Gas', 'Emissions', 'Reduction', 'Programme']",0.0,0.0,"{'to': 0, 'for': 0, 'in': 0, 'million': 0, 'up': 0, 'of': 0, 'the': 0, 'bill': 0, 'march': 0, 'and': 0}","{'in': 0, 'to': 1, 'casino': 0, 'of': 0, 'for': 0, 'betting': 0, 'lottery': 0, 'gambling': 0, 'sports': 0, 'new': 0}",0.0,0.0,9.0
2024-09-30,EIGHT ADDITIONAL CATEGORIES,Texas Lottery wins two awards at NASPL Conference,https://imagenesyogonet.b-cdn.net/data/imagenes/2024/03/25/62884/1711389644-texas-lottery-lucky-7-scratch-ticket-game-march-2024.jpg,https://www.yogonet.com/international/news/2024/09/30/80090-texas-lottery-wins-two-awards-at-naspl-conference,3,8,27,49,"['Texas', 'Lottery', 'Conference']",0.0,0.3,"{'to': 0, 'for': 0, 'in': 0, 'million': 0, 'up': 0, 'of': 0, 'the': 0, 'bill': 0, 'march': 0, 'and': 0}","{'in': 0, 'to': 0, 'casino': 0, 'of': 0, 'for': 0, 'betting': 0, 'lottery': 1, 'gambling': 0, 'sports': 0, 'new': 0}",0.0,0.0,8.333333333333334
2024-09-27,AIMS TO ENHANCE PLAYER ENGAGEMENT,Florida Lottery unveils four new scratch-off games with over $664 million in cash prizes,https://imagenesyogonet.b-cdn.net/data/imagenes/2019/08/22/27242/1625334661-florida-lottery-headquarters-oficina.jpg,https://www.yogonet.com/international/news/2024/09/27/79974-florida-lottery-unveils-four-new-scratchoff-games-with-over-664-million-in-cash-prizes,5,14,33,88,"['Florida', 'Lottery']",0.0,0.13636363636363635,"{'to': 1, 'for': 0, 'in': 0, 'million': 0, 'up': 0, 'of': 0, 'the': 0, 'bill': 0, 'march': 0, 'and': 0}","{'in': 1, 'to': 0, 'casino': 0, 'of': 0, 'for': 0, 'betting': 0, 'lottery': 1, 'gambling': 0, 'sports': 0, 'new': 1}",0.0,0.0,5.8
2024-09-16,OLG INCREASED TOP LIMIT THIS MONTH,Canada reaches record limit of $59 million jackpot prize for Lotto Max,https://imagenesyogonet.b-cdn.net/data/imagenes/2024/09/16/67875/1726508261-lotto-max-80-million-jackpot-2024.jpg,https://www.yogonet.com/international/news/2024/09/16/78906-canada-reaches-record-limit-of-59-million-jackpot-prize-for-lotto-max,6,12,34,70,"['Canada', 'Lotto', 'Max']",0.5,0.0,"{'to': 0, 'for': 0, 'in': 0, 'million': 0, 'up': 0, 'of': 0, 'the': 0, 'bill': 0, 'march': 0, 'and': 0}","{'in': 0, 'to': 0, 'casino': 0, 'of': 1, 'for': 1, 'betting': 0, 'lottery': 0, 'gambling': 0, 'sports': 0, 'new': 0}",0.0,0.0,4.833333333333333
